,united states,germany,switzerland,china,france
amount,693.8121000000001,466.31519999999995,340.21569999999997,276.2541,272.7562
share,0.14880000000000002,0.1,0.073,0.0592,0.058499999999999996
