,germany,china,united states,netherlands,france
amount,943.4806,629.7961,580.6645,475.49,387.0382
share,0.1497,0.0999,0.09210000000000002,0.0754,0.061399999999999996
